Team,Age,Pace,FTr,X3PAr,TS,eFG,TOV,ORB,FTFGA,eFG.1,TOV.1,DRB,FTFGA.1,outcome,division
Atlanta Hawks,27.6,91.7,0.292,0.12,0.503,0.46,14.1,31.7,0.217,0.481,11.3,71,0.196,0,E
Boston Celtics,25.4,94.6,0.316,0.183,0.52,0.474,13.8,30.4,0.236,0.498,15.8,73.8,0.306,0,E
Charlotte Hornets,28.7,93.9,0.376,0.153,0.53,0.475,13.7,25.7,0.285,0.478,14.6,73.2,0.198,1,E
Chicago Bulls,26,89.4,0.338,0.167,0.49,0.443,18,29.9,0.24,0.484,14.5,69.9,0.24,0,E
Cleveland Cavaliers,27.2,95.7,0.327,0.136,0.516,0.468,15.6,28.1,0.245,0.474,15.1,71.2,0.275,0,E
Dallas Mavericks,26.3,94.9,0.248,0.188,0.532,0.49,12.6,25.5,0.2,0.488,14.2,66.1,0.21,0,W
Denver Nuggets,25.9,94.7,0.306,0.202,0.517,0.476,14,29.2,0.222,0.479,13,71.6,0.235,0,W
Detroit Pistons,28.3,95.7,0.378,0.184,0.548,0.492,14.3,26.8,0.295,0.499,15.4,71.6,0.249,1,E
Golden State Warriors,26.9,95.4,0.301,0.15,0.484,0.444,13.9,32.6,0.21,0.499,14.6,69.1,0.259,0,W
Houston Rockets,26.3,94.2,0.322,0.244,0.536,0.494,15.8,29.1,0.236,0.481,12.5,71.6,0.201,0,W
Indiana Pacers,30.4,93.1,0.302,0.224,0.552,0.503,13.3,24.9,0.245,0.469,12.6,71.5,0.197,4,E
Los Angeles Clippers,24.2,93.9,0.27,0.188,0.499,0.458,14.9,26.1,0.202,0.507,13.1,69.6,0.22,0,W
Los Angeles Lakers,29.2,93.3,0.346,0.153,0.525,0.484,12.7,30.6,0.241,0.443,13.4,73.1,0.222,5,W
Miami Heat,29.2,89.7,0.283,0.186,0.533,0.495,14.5,28.2,0.208,0.453,13.3,72.9,0.229,2,E
Milwaukee Bucks,28.2,92.7,0.29,0.157,0.539,0.494,13.8,30,0.228,0.496,14.6,69.6,0.254,1,E
Minnesota Timberwolves,26.6,91.8,0.256,0.104,0.525,0.485,12.9,29.4,0.2,0.474,14,73,0.25,1,W
New Jersey Nets,27.3,92.5,0.297,0.2,0.517,0.468,12.6,28.1,0.233,0.491,15.2,67.2,0.223,0,E
New York Knicks,29.5,89.2,0.283,0.147,0.527,0.482,14.4,24.7,0.221,0.455,13.6,73.1,0.251,3,E
Orlando Magic,26.3,97.3,0.305,0.124,0.516,0.473,15.4,31.6,0.224,0.476,15.9,69.9,0.226,0,E
Philadelphia 76ers,27.1,92.7,0.329,0.095,0.501,0.457,14.2,31.4,0.233,0.466,16.2,69.9,0.229,2,E
Phoenix Suns,28.6,94,0.286,0.184,0.532,0.491,15.2,29.3,0.217,0.454,15.7,70.5,0.245,2,W
Portland Trail Blazers,29.6,89.9,0.316,0.175,0.546,0.501,14.5,30.3,0.24,0.461,13.8,72.4,0.217,3,W
Sacramento Kings,27.5,99.3,0.277,0.227,0.526,0.486,13.9,27.7,0.209,0.479,15.1,69.7,0.198,1,W
San Antonio Spurs,30.9,90.8,0.346,0.138,0.535,0.488,14.3,27.8,0.258,0.451,13.5,73,0.188,1,W
Seattle SuperSonics,28.5,93.4,0.282,0.232,0.52,0.487,12.9,28.5,0.196,0.483,14,69.6,0.193,1,W
Toronto Raptors,29.3,92.5,0.3,0.17,0.511,0.464,12.7,30.1,0.23,0.48,14.2,71.8,0.247,1,E
Utah Jazz,31.5,89.6,0.337,0.134,0.54,0.49,14.3,29.5,0.26,0.477,15,73.2,0.256,2,W
Vancouver Grizzlies,25.3,91,0.32,0.139,0.524,0.474,15.8,30.1,0.247,0.502,14.1,70.6,0.231,0,W
Washington Wizards,28,92.7,0.315,0.133,0.521,0.476,14.8,30.6,0.234,0.489,13.9,71.7,0.273,0,E
Atlanta Hawks,26.1,91.9,0.272,0.14,0.5,0.456,15.5,28.9,0.206,0.472,13.8,70.8,0.249,0,E
Boston Celtics,25.9,92.6,0.338,0.252,0.521,0.473,14.7,25.3,0.25,0.493,16,72.7,0.256,0,E
Charlotte Hornets,28.2,89.4,0.33,0.151,0.506,0.457,13.7,29.8,0.246,0.456,14.1,74.5,0.222,2,E
Chicago Bulls,23.2,89.3,0.298,0.148,0.495,0.45,15.1,26.6,0.22,0.499,14.3,70.3,0.254,0,E
Cleveland Cavaliers,26.9,91.2,0.312,0.101,0.509,0.459,15.4,29.7,0.239,0.477,14.1,71.1,0.248,0,E
Dallas Mavericks,26.6,93.2,0.291,0.202,0.544,0.498,13.1,24.1,0.231,0.467,14.2,70.7,0.244,2,W
Denver Nuggets,27.9,92.6,0.286,0.21,0.511,0.47,12.8,28.3,0.211,0.476,12.1,71.8,0.223,0,W
Detroit Pistons,27.1,94.7,0.325,0.162,0.498,0.453,14.2,29.3,0.234,0.466,14,72.2,0.233,0,E
Golden State Warriors,26.6,94.1,0.282,0.134,0.47,0.429,13.9,33.3,0.199,0.504,15,69.7,0.227,0,W
Houston Rockets,26.7,90.4,0.321,0.217,0.538,0.492,14,27.5,0.244,0.475,12.6,71.9,0.206,0,W
Indiana Pacers,27.7,89.4,0.312,0.18,0.519,0.471,14.5,27,0.239,0.452,12.8,71.4,0.235,1,E
Los Angeles Clippers,24.3,89.6,0.319,0.164,0.514,0.476,14.9,28.3,0.221,0.466,12,71.1,0.217,0,W
Los Angeles Lakers,29.2,91.7,0.349,0.191,0.535,0.498,13.3,31.1,0.238,0.468,12.2,72.5,0.234,5,W
Miami Heat,30.9,87.1,0.299,0.221,0.515,0.469,13.7,24.3,0.227,0.46,15.3,72.7,0.214,1,E
Milwaukee Bucks,28.2,92.1,0.276,0.218,0.542,0.499,12.8,28.1,0.217,0.473,14.4,71.1,0.253,3,E
Minnesota Timberwolves,27.4,91.8,0.253,0.131,0.523,0.482,13,28.6,0.199,0.478,14.2,71.9,0.238,1,W
New Jersey Nets,27.5,91.8,0.328,0.165,0.504,0.452,13.9,25.7,0.249,0.488,14.9,70,0.258,0,E
New York Knicks,29.8,86.7,0.279,0.18,0.523,0.476,14.6,24.2,0.222,0.453,14.7,74.3,0.24,1,E
Orlando Magic,26,93.2,0.301,0.196,0.513,0.474,13.8,29.1,0.215,0.464,15.6,69.8,0.29,1,E
Philadelphia 76ers,28.2,90.6,0.351,0.124,0.518,0.468,14.7,31.2,0.262,0.46,14.5,72.5,0.186,4,E
Phoenix Suns,28.6,93.1,0.292,0.156,0.506,0.46,14.1,27.3,0.221,0.46,16.3,73.7,0.252,1,W
Portland Trail Blazers,30.1,89.1,0.296,0.165,0.539,0.497,14.8,30,0.225,0.47,14.3,72.4,0.223,1,W
Sacramento Kings,27.1,94.4,0.298,0.194,0.529,0.484,13.4,27.2,0.23,0.46,14.5,70.7,0.181,2,W
San Antonio Spurs,29.5,89.6,0.374,0.175,0.541,0.496,13.6,27.1,0.267,0.444,12.9,73.7,0.182,3,W
Seattle SuperSonics,27.9,91.6,0.299,0.176,0.53,0.491,14.3,29.1,0.219,0.488,13.9,69.8,0.199,0,W
Toronto Raptors,29.9,90.9,0.285,0.167,0.51,0.468,12.1,30.8,0.213,0.476,13.3,73.2,0.212,2,E
Utah Jazz,32,89.8,0.363,0.135,0.546,0.497,15.1,30.2,0.273,0.473,15.6,73.2,0.301,1,W
Vancouver Grizzlies,26.2,91.7,0.289,0.145,0.51,0.464,14.9,26.1,0.223,0.491,13.8,69.8,0.194,0,W
Washington Wizards,27,92.7,0.348,0.131,0.514,0.46,15.7,29.7,0.264,0.503,14.1,71.8,0.236,0,E
Atlanta Hawks,25.7,91.9,0.294,0.181,0.517,0.471,14.6,27.5,0.225,0.495,14.1,70.9,0.218,0,E
Boston Celtics,26.2,92.5,0.291,0.289,0.52,0.476,12.8,24.1,0.223,0.464,15.1,72.9,0.245,3,E
Charlotte Hornets,28.3,89.7,0.32,0.151,0.513,0.466,13.3,30.6,0.238,0.465,13.3,72.2,0.226,2,E
Chicago Bulls,25.5,90.5,0.302,0.134,0.499,0.456,14.6,26.6,0.218,0.497,13.7,71.4,0.239,0,E
Cleveland Cavaliers,26,90.3,0.301,0.156,0.524,0.477,13.8,28.9,0.232,0.493,12.3,72.8,0.226,0,E
Dallas Mavericks,27.6,92.8,0.288,0.237,0.553,0.507,11.3,26.1,0.232,0.485,12.9,70.7,0.239,2,W
Denver Nuggets,28.2,90.4,0.256,0.187,0.495,0.455,13.6,30.6,0.19,0.492,13.6,69.9,0.245,0,W
Detroit Pistons,29.5,90,0.31,0.24,0.54,0.497,14.3,24.4,0.235,0.474,14.8,70.5,0.206,2,E
Golden State Warriors,24.8,94.5,0.335,0.142,0.499,0.452,14.7,35.3,0.242,0.488,12.9,69.4,0.232,0,W
Houston Rockets,25.9,88.2,0.286,0.223,0.507,0.465,13.4,29,0.211,0.491,11.5,69.8,0.178,0,W
Indiana Pacers,26.1,91.9,0.328,0.182,0.527,0.477,14.2,27,0.253,0.469,13.2,71,0.227,1,E
Los Angeles Clippers,24.4,90.1,0.304,0.172,0.519,0.476,13.8,31.3,0.225,0.477,12.1,69.9,0.194,0,W
Los Angeles Lakers,27.9,92.1,0.313,0.21,0.534,0.498,11.8,28.8,0.218,0.453,13,72,0.233,5,W
Memphis Grizzlies,25.5,91.1,0.288,0.168,0.501,0.462,15.4,27.8,0.204,0.486,13.7,68,0.197,0,W
Miami Heat,30.1,87.4,0.268,0.141,0.501,0.463,14.6,26.6,0.194,0.455,13.6,74,0.249,0,E
Milwaukee Bucks,28.9,90.2,0.269,0.241,0.544,0.507,13.6,25.6,0.201,0.477,12,70.9,0.217,0,E
Minnesota Timberwolves,26.7,90.5,0.255,0.152,0.532,0.49,12.5,31.3,0.203,0.482,12.7,73.7,0.218,1,W
New Jersey Nets,26.1,91.8,0.28,0.175,0.515,0.476,13.4,29.2,0.206,0.459,14.9,71.6,0.213,4,E
New York Knicks,30.3,89.7,0.274,0.206,0.514,0.468,14,25.6,0.216,0.479,12.9,71.9,0.236,0,E
Orlando Magic,28,93.2,0.278,0.241,0.533,0.493,12.6,26.3,0.21,0.486,14.4,69.2,0.215,1,E
Philadelphia 76ers,29,88.9,0.327,0.111,0.507,0.452,14.6,31.7,0.255,0.46,14.2,72.1,0.208,1,E
Phoenix Suns,26.5,91.4,0.235,0.158,0.51,0.472,13.6,30.1,0.18,0.476,14.4,70.2,0.227,0,W
Portland Trail Blazers,29,89.3,0.285,0.198,0.528,0.485,13.5,31.8,0.218,0.489,14.2,73.3,0.202,1,W
Sacramento Kings,27,95.6,0.308,0.166,0.539,0.497,12.4,27.9,0.231,0.467,13.6,71.7,0.185,3,W
San Antonio Spurs,28.5,90,0.353,0.19,0.539,0.492,13.8,27.2,0.262,0.453,13.7,71.9,0.189,2,W
Seattle SuperSonics,26.9,89,0.25,0.193,0.54,0.505,13.2,29.4,0.189,0.485,14.5,68.1,0.206,1,W
Toronto Raptors,29.3,88.8,0.255,0.165,0.501,0.463,13.6,31.4,0.189,0.471,14.7,70.1,0.237,1,E
Utah Jazz,29.9,90.3,0.381,0.132,0.529,0.472,15.4,33.5,0.291,0.484,15.9,71.7,0.286,1,W
Washington Wizards,27.5,88.3,0.28,0.118,0.508,0.464,12.5,30.7,0.214,0.484,13,71.4,0.214,0,E
Atlanta Hawks,27.2,91,0.313,0.177,0.527,0.476,15.7,27.9,0.248,0.469,12.1,70.4,0.222,0,E
Boston Celtics,26.9,90.9,0.306,0.331,0.514,0.47,13.4,23.6,0.227,0.471,15.1,72.5,0.242,2,E
Chicago Bulls,25.2,93.5,0.3,0.148,0.512,0.471,15.4,27.7,0.217,0.47,13.3,69.5,0.263,0,E
Cleveland Cavaliers,23.5,94,0.298,0.133,0.491,0.444,16.4,31,0.223,0.484,13,73.2,0.252,0,E
Dallas Mavericks,28.1,92.5,0.257,0.239,0.543,0.498,10.9,25.4,0.213,0.473,14.8,70.9,0.221,3,W
Denver Nuggets,24.1,91,0.283,0.126,0.469,0.428,17.1,31.3,0.198,0.477,16.5,73.3,0.29,0,W
Detroit Pistons,29,86.8,0.322,0.237,0.523,0.473,13.3,25.9,0.248,0.461,13.9,74,0.225,3,E
Golden State Warriors,24.4,94.2,0.343,0.178,0.526,0.472,13.9,35,0.267,0.482,12.2,67.9,0.22,0,W
Houston Rockets,25.9,88.8,0.316,0.196,0.522,0.474,14.8,30.3,0.243,0.462,12.6,72.4,0.209,0,W
Indiana Pacers,25.9,91.6,0.344,0.169,0.522,0.469,13.7,29,0.263,0.458,14.3,72.3,0.228,1,E
Los Angeles Clippers,25.3,91.3,0.335,0.182,0.516,0.467,14.8,29.1,0.252,0.481,13.1,70.2,0.222,0,W
Los Angeles Lakers,28.1,92.5,0.311,0.199,0.528,0.486,13.3,30.2,0.228,0.477,13.4,72.7,0.241,2,W
Memphis Grizzlies,24.9,92.7,0.287,0.19,0.526,0.487,14.2,27,0.212,0.491,13.4,68.7,0.197,0,W
Miami Heat,26.5,87.8,0.259,0.169,0.483,0.439,13.8,26.8,0.198,0.47,14.1,73.9,0.257,0,E
Milwaukee Bucks,29.3,90.4,0.287,0.229,0.543,0.5,12.2,25.6,0.222,0.494,13.5,69.9,0.237,1,E
Minnesota Timberwolves,28.2,91.9,0.268,0.118,0.528,0.488,12.9,28.2,0.206,0.472,12.7,72.9,0.203,1,W
New Jersey Nets,27.3,91.6,0.333,0.158,0.518,0.468,13.8,28.7,0.252,0.46,15.7,73.1,0.225,4,E
New Orleans Hornets,29.1,89.4,0.285,0.161,0.511,0.465,13.9,31.7,0.219,0.464,14,73.1,0.226,1,W
New York Knicks,30.2,90.7,0.241,0.235,0.528,0.486,13.4,24.4,0.196,0.485,13.7,71.8,0.261,0,E
Orlando Magic,26.9,93.1,0.307,0.235,0.526,0.478,13.3,27,0.239,0.486,15.1,71.1,0.25,1,E
Philadelphia 76ers,28.3,91.4,0.339,0.119,0.52,0.466,13.7,30.3,0.263,0.488,16.2,72.7,0.243,2,E
Phoenix Suns,25.2,91.5,0.285,0.17,0.514,0.473,13.7,29.7,0.211,0.47,14.8,70.3,0.222,1,W
Portland Trail Blazers,29.2,89.4,0.3,0.177,0.531,0.489,14.5,30.2,0.223,0.483,14.9,72.3,0.194,1,W
Sacramento Kings,28.3,95.4,0.262,0.184,0.535,0.499,13.3,25.6,0.196,0.446,13.6,70.6,0.204,2,W
San Antonio Spurs,28.4,90,0.348,0.202,0.541,0.497,15.1,28.8,0.253,0.453,14.2,71.3,0.199,5,W
Seattle SuperSonics,26.9,88,0.27,0.196,0.512,0.472,12.8,28.1,0.201,0.484,14.3,71.8,0.21,0,W
Toronto Raptors,27.6,89.9,0.282,0.179,0.497,0.458,13.6,28.2,0.203,0.489,13.1,70.7,0.226,0,E
Utah Jazz,30.9,89.3,0.38,0.104,0.537,0.486,16,32.5,0.283,0.468,15.2,70.2,0.256,1,W
Washington Wizards,28.4,88.2,0.325,0.127,0.513,0.46,13,27.3,0.253,0.477,13.8,71.6,0.212,0,E
Atlanta Hawks,26.2,90.8,0.303,0.191,0.514,0.465,15.4,28.6,0.235,0.476,13.1,70.5,0.234,0,E
Boston Celtics,26.4,93.2,0.327,0.249,0.532,0.486,15.4,25.2,0.245,0.479,15.7,69.5,0.24,1,E
Chicago Bulls,26.8,92.2,0.272,0.186,0.486,0.446,14.9,28.1,0.197,0.469,14.1,71.4,0.253,0,E
Cleveland Cavaliers,24.9,90.8,0.301,0.116,0.498,0.451,13.7,31.1,0.226,0.469,12.3,73,0.221,0,E
Dallas Mavericks,27.4,93.2,0.256,0.201,0.536,0.495,11.1,31.4,0.204,0.498,13.9,71.6,0.214,1,W
Denver Nuggets,25.6,93.3,0.319,0.146,0.517,0.467,14.2,30.5,0.245,0.481,15.6,69.3,0.221,1,W
Detroit Pistons,27.4,87.9,0.328,0.153,0.511,0.461,14.7,30.1,0.247,0.441,15.5,71.8,0.202,5,E
Golden State Warriors,28.1,89.8,0.311,0.197,0.517,0.475,14.1,28.4,0.226,0.476,13.3,72.1,0.211,0,W
Houston Rockets,28.3,87.8,0.286,0.227,0.528,0.484,16.4,26.5,0.221,0.447,13.1,74.5,0.233,1,W
Indiana Pacers,27.1,87.5,0.319,0.203,0.52,0.471,14.1,28.5,0.243,0.459,15.7,73.9,0.218,3,E
Los Angeles Clippers,24.3,91,0.35,0.156,0.512,0.453,15,32.8,0.275,0.494,12.9,70,0.231,0,W
Los Angeles Lakers,29.8,92.3,0.352,0.167,0.522,0.481,12.8,28.1,0.244,0.471,14.3,73.3,0.222,4,W
Memphis Grizzlies,26,91.4,0.322,0.197,0.522,0.479,13.9,29.5,0.234,0.465,15.7,68.4,0.251,1,W
Miami Heat,26.4,88,0.298,0.211,0.51,0.463,13.5,27.4,0.227,0.463,14.5,73.4,0.26,2,E
Milwaukee Bucks,26.5,91.6,0.33,0.172,0.528,0.477,12.7,27.6,0.255,0.485,13.3,71.8,0.213,1,E
Minnesota Timberwolves,29.7,89,0.265,0.137,0.528,0.486,12.4,26.7,0.207,0.444,12.9,72.5,0.215,3,W
New Jersey Nets,27.7,89.4,0.291,0.176,0.515,0.471,14.4,25.9,0.219,0.46,15.7,73.9,0.221,2,E
New Orleans Hornets,30.3,89.1,0.293,0.252,0.505,0.46,14.1,30.6,0.22,0.476,15,71.3,0.218,1,W
New York Knicks,29.6,89.5,0.266,0.171,0.518,0.474,15.1,28,0.211,0.461,13.2,72.8,0.259,1,E
Orlando Magic,25.8,90.8,0.296,0.184,0.504,0.461,12.8,28.1,0.218,0.502,12.7,68.7,0.214,0,E
Philadelphia 76ers,27.5,88,0.321,0.158,0.505,0.456,15.5,28.2,0.242,0.467,14.7,70.7,0.231,0,E
Phoenix Suns,24.4,92.6,0.28,0.18,0.515,0.475,14.3,26.6,0.209,0.482,14.7,69.9,0.24,0,W
Portland Trail Blazers,27.6,86.2,0.267,0.17,0.515,0.478,14.4,31.2,0.195,0.482,13.3,70,0.186,0,W
Sacramento Kings,29.3,92.8,0.305,0.223,0.554,0.507,13,26,0.242,0.483,13.7,69.8,0.193,2,W
San Antonio Spurs,27.3,89.2,0.322,0.177,0.511,0.473,14.1,29.5,0.219,0.433,14.8,74.6,0.215,2,W
Seattle SuperSonics,26,89.9,0.27,0.294,0.54,0.501,13.9,27.2,0.207,0.487,13.9,68.5,0.237,0,W
Toronto Raptors,27.6,86.8,0.26,0.204,0.495,0.454,14.1,23.8,0.195,0.449,14.1,70.1,0.241,0,E
Utah Jazz,24.9,86.6,0.356,0.127,0.509,0.456,16.1,34.1,0.266,0.468,15.4,72.4,0.319,0,W
Washington Wizards,24.4,92.2,0.337,0.194,0.5,0.454,16,30.7,0.241,0.486,14.9,69.5,0.214,0,E
Atlanta Hawks,26,91.4,0.299,0.146,0.504,0.464,14.9,30.7,0.212,0.513,14,72.1,0.289,0,E
Boston Celtics,27.1,93.3,0.357,0.192,0.551,0.501,14.7,27.2,0.273,0.481,14.2,70.1,0.274,1,E
Charlotte Bobcats,24.9,92.3,0.306,0.128,0.497,0.455,13.3,29.5,0.217,0.497,14.7,70.9,0.269,0,E
Chicago Bulls,25,92.4,0.311,0.217,0.517,0.471,15.5,28.4,0.233,0.454,14.4,72.6,0.262,1,E
Cleveland Cavaliers,26.5,89.7,0.325,0.135,0.518,0.47,13,32.5,0.244,0.485,14.1,71.5,0.248,0,E
Dallas Mavericks,27.7,92.7,0.346,0.19,0.545,0.492,12.5,28.6,0.273,0.472,14.3,70.2,0.239,2,W
Denver Nuggets,26.7,93.5,0.35,0.142,0.535,0.483,13.8,28.4,0.267,0.482,15.1,71.7,0.247,1,W
Detroit Pistons,27.9,87.2,0.335,0.164,0.519,0.472,13.3,31.2,0.247,0.461,13.5,73,0.207,4,E
Golden State Warriors,26.7,93.3,0.278,0.252,0.512,0.475,12.3,27.8,0.201,0.491,13.9,69.7,0.227,0,W
Houston Rockets,29.7,88.8,0.309,0.237,0.534,0.486,13.5,26.3,0.242,0.459,12.9,74.5,0.245,1,W
Indiana Pacers,28.3,87.2,0.358,0.255,0.534,0.476,14.1,26.4,0.283,0.472,13.6,71.3,0.261,2,E
Los Angeles Clippers,25.5,89.1,0.357,0.105,0.533,0.477,14.9,30.3,0.278,0.48,13,71.3,0.235,0,W
Los Angeles Lakers,26,90.8,0.322,0.273,0.535,0.485,13.4,29.5,0.251,0.493,11,71.1,0.218,0,W
Memphis Grizzlies,26.3,88.5,0.323,0.237,0.535,0.489,14.3,27.1,0.243,0.466,15.4,69.9,0.27,1,W
Miami Heat,28,90.8,0.387,0.198,0.559,0.524,13.1,27,0.26,0.46,12.4,74.1,0.242,3,E
Milwaukee Bucks,26.9,90.8,0.339,0.141,0.527,0.475,13,29,0.261,0.499,12.4,72,0.233,0,E
Minnesota Timberwolves,29,89.1,0.275,0.173,0.534,0.489,12.7,28.6,0.219,0.472,11.2,71.4,0.208,0,W
New Jersey Nets,27.8,89.1,0.318,0.187,0.512,0.463,13.7,25.5,0.242,0.479,15.2,73.2,0.278,1,E
New Orleans Hornets,27.5,87.6,0.279,0.201,0.493,0.446,14.2,29.1,0.214,0.491,13.9,70.7,0.261,0,W
New York Knicks,27.3,90.7,0.312,0.188,0.531,0.485,13.8,28.3,0.239,0.501,13.8,71.2,0.265,0,E
Orlando Magic,26.5,94.7,0.35,0.137,0.529,0.478,14.6,29.9,0.265,0.484,13.2,71.3,0.255,0,E
Philadelphia 76ers,26.4,94.9,0.326,0.216,0.528,0.475,14.2,25.4,0.257,0.485,15.4,72.7,0.267,1,E
Phoenix Suns,25.2,95.9,0.296,0.289,0.571,0.534,12.4,27.5,0.222,0.478,12,68.3,0.176,3,W
Portland Trail Blazers,27,89.8,0.303,0.181,0.524,0.484,15.2,29.6,0.219,0.479,12.6,67.7,0.204,0,W
Sacramento Kings,27.7,93,0.287,0.2,0.541,0.496,12,28.8,0.226,0.493,13.3,69,0.214,1,W
San Antonio Spurs,28.5,88.9,0.329,0.216,0.534,0.492,13.2,29.1,0.238,0.452,14.7,73.6,0.236,5,W
Seattle SuperSonics,26,87.9,0.328,0.281,0.546,0.495,13,32.4,0.259,0.496,12.9,71.3,0.249,2,W
Toronto Raptors,27,92.7,0.316,0.253,0.539,0.492,12.5,23.7,0.244,0.499,13.4,71.1,0.24,0,E
Utah Jazz,25.7,88.4,0.361,0.121,0.522,0.469,15,31.9,0.273,0.499,14.2,72.3,0.34,0,W
Washington Wizards,25.3,93.3,0.364,0.22,0.523,0.474,12.9,31.1,0.264,0.498,14.6,70,0.23,2,E
Atlanta Hawks,22.7,90.4,0.34,0.178,0.534,0.486,14.7,31.4,0.255,0.513,14.1,69.5,0.275,0,E
Boston Celtics,25.3,92.2,0.349,0.204,0.551,0.504,15.7,25.5,0.263,0.49,13.8,72.8,0.282,0,E
Charlotte Bobcats,25.2,93.4,0.319,0.184,0.509,0.464,13,27.1,0.233,0.514,16.5,70.7,0.263,0,E
Chicago Bulls,24.1,92.9,0.292,0.219,0.527,0.487,13.9,26.3,0.216,0.464,13.9,74.7,0.295,1,E
Cleveland Cavaliers,27.1,89.8,0.362,0.228,0.538,0.492,13.3,28.4,0.263,0.49,12.8,75.7,0.226,2,E
Dallas Mavericks,27.5,87.8,0.364,0.175,0.55,0.495,13.1,31.8,0.285,0.475,13.7,72.2,0.257,4,W
Denver Nuggets,27.4,93.9,0.347,0.161,0.535,0.488,13.7,26.8,0.258,0.493,14.7,72,0.227,1,W
Detroit Pistons,28.5,86.8,0.297,0.221,0.535,0.497,11.2,28.9,0.216,0.477,13.7,71.2,0.191,3,E
Golden State Warriors,25.6,93.3,0.323,0.27,0.521,0.479,13,26.9,0.232,0.492,14.1,71.6,0.243,0,W
Houston Rockets,28.8,88,0.317,0.226,0.519,0.471,14.3,25.5,0.24,0.472,13.1,74.6,0.247,0,W
Indiana Pacers,27.3,89.7,0.344,0.245,0.533,0.487,14.8,27.1,0.254,0.464,13,72.6,0.232,1,E
Los Angeles Clippers,26.8,91.7,0.332,0.131,0.54,0.487,13.8,25.4,0.263,0.471,12.2,75.9,0.24,2,W
Los Angeles Lakers,25.1,90.9,0.329,0.24,0.539,0.495,13.1,28.8,0.245,0.486,13.4,73.6,0.242,1,W
Memphis Grizzlies,28.1,86.3,0.339,0.258,0.537,0.496,13.9,25.8,0.241,0.469,14.7,72,0.237,1,W
Miami Heat,29.2,91.6,0.363,0.227,0.556,0.517,13.9,26.7,0.254,0.477,12.4,76.4,0.251,5,E
Milwaukee Bucks,25.5,91.2,0.322,0.203,0.535,0.492,13.8,27.3,0.238,0.504,13.8,74.6,0.262,1,E
Minnesota Timberwolves,26.7,88.8,0.299,0.149,0.524,0.48,14.2,25.2,0.226,0.475,13.4,71.3,0.236,0,W
New Jersey Nets,28.6,89.8,0.346,0.229,0.528,0.478,13.3,24,0.262,0.476,14,76.3,0.266,2,E
New OrleansOklahoma City Hornets,26.3,89,0.339,0.138,0.515,0.464,12.9,26.9,0.257,0.502,14.3,73.4,0.243,0,W
New York Knicks,25.6,90.8,0.417,0.142,0.534,0.481,16.5,31.2,0.303,0.511,13.4,72.8,0.294,0,E
Orlando Magic,25.5,88.3,0.369,0.129,0.543,0.496,14.7,28.5,0.27,0.49,13,72.5,0.264,0,E
Philadelphia 76ers,26.5,92.7,0.356,0.158,0.538,0.487,13.3,25.6,0.27,0.5,14.3,71.3,0.24,0,E
Phoenix Suns,27.5,95.8,0.206,0.293,0.568,0.537,12.2,22.1,0.166,0.49,13.2,72.1,0.2,3,W
Portland Trail Blazers,24.6,87.6,0.31,0.166,0.511,0.474,14.5,26.6,0.214,0.507,12.6,68.2,0.231,0,W
Sacramento Kings,27.2,91.9,0.334,0.217,0.544,0.492,13.9,25.4,0.262,0.488,13.7,72.2,0.21,1,W
San Antonio Spurs,29.8,88.5,0.298,0.215,0.546,0.513,13.6,26,0.209,0.457,13.5,74.2,0.22,2,W
Seattle SuperSonics,25.6,91.6,0.314,0.243,0.551,0.504,13.7,30.4,0.246,0.527,13.6,69,0.26,0,W
Toronto Raptors,25.9,91.1,0.315,0.244,0.548,0.5,12.4,25.4,0.249,0.53,13.5,73.3,0.263,0,E
Utah Jazz,25.6,87.8,0.397,0.149,0.519,0.467,15,32.4,0.286,0.49,14,73.2,0.303,0,W
Washington Wizards,26.5,92.3,0.375,0.209,0.538,0.484,12.8,29.5,0.284,0.504,15.1,70.9,0.256,1,E
Atlanta Hawks,24.1,90,0.346,0.163,0.523,0.471,15.1,29.2,0.263,0.503,14.5,70.9,0.268,0,E
Boston Celtics,23.5,92,0.337,0.199,0.53,0.479,15.4,27,0.259,0.502,14.5,73.8,0.28,0,E
Charlotte Bobcats,25.5,92,0.322,0.193,0.524,0.48,13.9,26.4,0.236,0.5,14.7,71.6,0.279,0,E
Chicago Bulls,26,93.6,0.313,0.186,0.534,0.493,14.7,28.6,0.229,0.473,16.2,74.3,0.252,2,E
Cleveland Cavaliers,26.9,90.8,0.32,0.211,0.522,0.484,13.4,29.7,0.223,0.48,14.7,75.8,0.243,4,E
Dallas Mavericks,28.1,89.5,0.317,0.218,0.559,0.509,13.4,28.7,0.256,0.477,14.2,75,0.265,1,W
Denver Nuggets,26.5,97.4,0.36,0.212,0.548,0.501,14.6,28.9,0.268,0.499,14.5,71.8,0.203,1,W
Detroit Pistons,29,87.3,0.307,0.201,0.535,0.488,12,28.3,0.237,0.477,14.3,70.9,0.234,3,E
Golden State Warriors,24.6,99.2,0.3,0.279,0.548,0.512,14.1,25.6,0.215,0.506,16.1,69.6,0.264,2,W
Houston Rockets,28.2,90.7,0.292,0.29,0.54,0.499,13.6,25.7,0.22,0.466,13.6,77,0.23,1,W
Indiana Pacers,27.2,92.4,0.324,0.212,0.523,0.474,15.1,28.4,0.246,0.491,14.8,72.7,0.271,0,E
Los Angeles Clippers,27.5,90.8,0.355,0.143,0.537,0.481,14.5,27.2,0.28,0.488,13.3,74.7,0.249,0,W
Los Angeles Lakers,25.3,93.5,0.333,0.259,0.554,0.511,14.3,26.1,0.249,0.5,13.5,72.3,0.262,1,W
Memphis Grizzlies,26.2,93.6,0.374,0.211,0.555,0.504,15.2,25.9,0.285,0.529,14,71.1,0.237,0,W
Miami Heat,29.3,89.9,0.321,0.245,0.541,0.506,14.3,24.9,0.222,0.485,13.8,73.3,0.232,1,E
Milwaukee Bucks,26,92.3,0.286,0.219,0.541,0.504,14.1,27.6,0.209,0.522,14.5,68.1,0.234,0,E
Minnesota Timberwolves,27.7,91,0.291,0.167,0.537,0.49,14.8,25.1,0.231,0.498,13.3,72.1,0.226,0,W
New Jersey Nets,28.2,91.4,0.338,0.263,0.546,0.504,14.2,24.6,0.245,0.49,13.7,74.4,0.266,2,E
New OrleansOklahoma City Hornets,26.4,90.2,0.291,0.188,0.52,0.479,13.6,29.1,0.215,0.499,13.2,74.7,0.212,0,W
New York Knicks,25.4,90.8,0.377,0.216,0.539,0.494,15.9,31,0.27,0.504,13,74,0.246,0,E
Orlando Magic,25.6,89.9,0.393,0.158,0.544,0.5,16.3,29.3,0.276,0.48,14.6,73.7,0.286,1,E
Philadelphia 76ers,26.2,90.7,0.333,0.128,0.53,0.48,14.6,27.2,0.255,0.501,14.7,70.8,0.221,0,E
Phoenix Suns,27.6,95.6,0.267,0.287,0.59,0.551,13.4,22.7,0.215,0.492,13.6,71.9,0.206,2,W
Portland Trail Blazers,24.4,88.3,0.314,0.193,0.53,0.483,14.5,28.2,0.241,0.508,13.5,73,0.267,0,W
Sacramento Kings,27.3,94.8,0.379,0.232,0.545,0.491,13.5,23.1,0.289,0.513,14.9,72.5,0.24,0,W
San Antonio Spurs,30.4,89.8,0.313,0.247,0.561,0.521,13.6,24.2,0.235,0.471,14,75.7,0.201,5,W
Seattle SuperSonics,25.9,91.8,0.288,0.219,0.544,0.499,14.5,27.8,0.228,0.515,14.1,70.9,0.243,0,W
Toronto Raptors,26,92.6,0.303,0.224,0.55,0.504,13,22.2,0.239,0.503,14.3,74.5,0.219,1,E
Utah Jazz,25.9,91.6,0.38,0.163,0.551,0.502,14.5,31.7,0.283,0.496,14.4,75.1,0.314,3,W
Washington Wizards,26.8,94.1,0.356,0.237,0.542,0.491,12.6,28.1,0.272,0.517,14.4,71,0.249,1,E
Atlanta Hawks,24.2,91.1,0.34,0.165,0.535,0.483,14,29.7,0.263,0.501,12.9,71.7,0.217,1,E
Boston Celtics,27.9,90.9,0.346,0.249,0.569,0.522,14.7,26.6,0.267,0.457,15.2,74.4,0.253,5,E
Charlotte Bobcats,26.3,91.8,0.323,0.22,0.532,0.492,13.9,25.6,0.23,0.505,13.4,71,0.235,0,E
Chicago Bulls,25.7,93,0.296,0.19,0.515,0.47,13.4,28.9,0.223,0.496,14.2,73.1,0.258,0,E
Cleveland Cavaliers,27.1,90.2,0.308,0.231,0.52,0.48,13.1,30.4,0.221,0.494,12.9,75.9,0.24,2,E
Dallas Mavericks,28.9,90.2,0.318,0.215,0.554,0.502,12.3,26.7,0.259,0.474,11.7,75,0.252,1,W
Denver Nuggets,28.5,99.7,0.358,0.228,0.557,0.51,12.9,25.5,0.269,0.499,14.1,72.1,0.203,1,W
Detroit Pistons,28.3,87.3,0.3,0.203,0.539,0.495,11.4,29.4,0.23,0.47,13.4,73.7,0.244,3,E
Golden State Warriors,25.5,98.8,0.276,0.295,0.548,0.511,11.5,27.2,0.208,0.509,14.7,70.3,0.258,0,W
Houston Rockets,28.3,90.4,0.276,0.255,0.528,0.492,13,29.1,0.2,0.465,12.8,74.8,0.214,1,W
Indiana Pacers,26.7,97.7,0.292,0.289,0.54,0.498,13.5,24.4,0.224,0.498,14.1,73.9,0.271,0,E
Los Angeles Clippers,28.5,92.1,0.338,0.167,0.519,0.465,13.7,23.1,0.264,0.503,12.8,73.1,0.236,0,W
Los Angeles Lakers,26.7,95.6,0.333,0.257,0.57,0.525,12.9,26.3,0.256,0.485,12.9,73.4,0.214,4,W
Memphis Grizzlies,24.5,95.3,0.311,0.264,0.539,0.5,14,23.8,0.225,0.521,12.2,73.4,0.196,0,W
Miami Heat,27.4,90.2,0.3,0.217,0.522,0.482,14.4,22.1,0.218,0.51,13.6,71.9,0.245,0,E
Milwaukee Bucks,25.8,91.3,0.294,0.195,0.522,0.482,13.7,30,0.215,0.524,13,73,0.25,0,E
Minnesota Timberwolves,24.6,91.9,0.248,0.185,0.518,0.484,13.6,27.5,0.183,0.513,12.9,73.6,0.269,0,W
New Jersey Nets,27.4,91.5,0.347,0.222,0.528,0.481,14.2,26.6,0.255,0.497,12.7,73.8,0.271,0,E
New Orleans Hornets,27.1,89.9,0.251,0.239,0.548,0.512,11.4,27,0.193,0.501,13.5,75.4,0.184,2,W
New York Knicks,25.7,91.6,0.31,0.215,0.518,0.475,13.4,28.6,0.226,0.518,12.1,72.7,0.229,0,E
Orlando Magic,26.7,93.4,0.355,0.322,0.575,0.537,13.6,23.4,0.256,0.484,12.3,74.8,0.217,2,E
Philadelphia 76ers,25.3,90.4,0.321,0.143,0.522,0.482,13.4,31.8,0.227,0.504,15.1,72,0.205,1,E
Phoenix Suns,29.3,96.7,0.292,0.26,0.59,0.551,13.4,22.4,0.228,0.488,11.8,70.9,0.191,1,W
Portland Trail Blazers,24.1,87.9,0.281,0.218,0.532,0.489,12.6,26.8,0.216,0.491,12.1,71.8,0.212,0,W
Sacramento Kings,27.3,94.7,0.346,0.208,0.556,0.503,14.8,25.2,0.276,0.51,13.9,71.7,0.256,0,W
San Antonio Spurs,31.4,88.8,0.276,0.251,0.543,0.504,12.6,23.4,0.21,0.477,12.8,77.1,0.201,3,W
Seattle SuperSonics,25.4,96.3,0.265,0.134,0.509,0.467,14.3,26.8,0.204,0.503,11.9,73.7,0.215,0,W
Toronto Raptors,26.3,90.2,0.247,0.217,0.551,0.511,11.4,23.4,0.2,0.505,13.5,75,0.205,1,E
Utah Jazz,25.3,93.2,0.349,0.166,0.573,0.528,13.6,29.5,0.265,0.501,15,74.1,0.294,2,W
Washington Wizards,27.2,89.5,0.297,0.241,0.535,0.489,12.5,28.9,0.233,0.513,13.5,72.8,0.217,1,E
Atlanta Hawks,25.8,89.6,0.323,0.253,0.546,0.504,12.5,26,0.238,0.494,13.2,71.6,0.21,2,E
Boston Celtics,27.8,90.4,0.328,0.214,0.571,0.528,15,27.9,0.251,0.47,14,75.6,0.253,2,E
Charlotte Bobcats,25.8,88.3,0.312,0.213,0.536,0.494,15.1,27.7,0.231,0.498,14.4,73,0.229,0,E
Chicago Bulls,24.9,93.1,0.3,0.189,0.541,0.493,13.3,28,0.239,0.493,13.1,70.9,0.238,1,E
Cleveland Cavaliers,26.6,88.7,0.312,0.259,0.56,0.519,12.5,27.7,0.236,0.468,13.5,74.6,0.226,3,E
Dallas Mavericks,29,91.5,0.274,0.241,0.55,0.504,12.1,26.6,0.224,0.493,12.3,74.6,0.225,2,W
Denver Nuggets,27.7,94.3,0.382,0.227,0.563,0.512,14.2,27.5,0.29,0.485,14.1,71.7,0.259,3,W
Detroit Pistons,28.2,86.7,0.282,0.165,0.524,0.483,11.7,27.9,0.212,0.485,11.7,74,0.248,1,E
Golden State Warriors,25,98.2,0.339,0.209,0.549,0.497,12.9,26.1,0.268,0.508,12.9,68.1,0.251,0,W
Houston Rockets,27.9,90.2,0.292,0.254,0.548,0.501,13.6,26.4,0.235,0.479,11.9,75.3,0.192,2,W
Indiana Pacers,26.5,96.5,0.267,0.244,0.545,0.501,13.1,25.4,0.215,0.499,12.7,74.5,0.271,0,E
Los Angeles Clippers,26.6,92.1,0.275,0.226,0.52,0.481,14,25.1,0.202,0.512,12.4,71.2,0.227,0,W
Los Angeles Lakers,27.4,94.3,0.299,0.217,0.555,0.513,12.3,29.4,0.23,0.49,14.2,73,0.213,5,W
Memphis Grizzlies,23.3,90.1,0.329,0.175,0.533,0.486,14.8,25.8,0.249,0.515,14.1,73.5,0.247,0,W
Miami Heat,25.6,89.9,0.282,0.245,0.54,0.5,12.1,24.6,0.212,0.501,14.5,72.9,0.251,1,E
Milwaukee Bucks,26.3,92.6,0.306,0.208,0.531,0.483,13.1,27.8,0.239,0.503,15.6,74,0.315,0,E
Minnesota Timberwolves,25.4,91.6,0.289,0.227,0.526,0.481,13.3,27.7,0.222,0.515,12,75,0.254,0,W
New Jersey Nets,25.7,89.9,0.303,0.265,0.543,0.497,12.7,25.2,0.236,0.509,13,73.5,0.272,0,E
New Orleans Hornets,28.2,87.8,0.288,0.24,0.548,0.501,12.5,24.6,0.232,0.496,13.2,74.9,0.23,1,W
New York Knicks,25.7,96.7,0.268,0.322,0.544,0.503,12.9,24.4,0.21,0.52,13,72.7,0.215,0,E
Oklahoma City Thunder,24.5,93.6,0.308,0.141,0.521,0.471,14.8,28.6,0.242,0.514,13,73.9,0.216,0,W
Orlando Magic,27.3,92.3,0.351,0.335,0.559,0.52,13.4,24,0.251,0.465,12.3,75.9,0.209,4,E
Philadelphia 76ers,26.1,90,0.339,0.164,0.532,0.485,13.4,31.3,0.253,0.507,14.9,71.4,0.216,1,E
Phoenix Suns,29.5,96,0.336,0.216,0.584,0.545,14.4,27.7,0.25,0.511,12.8,71.7,0.233,0,W
Portland Trail Blazers,24,86.6,0.306,0.239,0.553,0.511,12.5,32.6,0.234,0.499,13.2,75,0.227,1,W
Sacramento Kings,26.3,94.2,0.315,0.238,0.542,0.491,14.3,24.5,0.252,0.526,13,69.9,0.269,0,W
San Antonio Spurs,30.4,88.4,0.251,0.248,0.548,0.513,11.7,22.1,0.191,0.487,11.7,78,0.191,1,W
Toronto Raptors,27,92,0.279,0.193,0.542,0.494,12.8,24,0.23,0.511,12.6,73.7,0.202,0,E
Utah Jazz,25.5,93.1,0.355,0.169,0.554,0.504,13.6,28.2,0.274,0.505,15,72.7,0.262,1,W
Washington Wizards,26.9,91,0.293,0.18,0.524,0.48,13.2,27.7,0.224,0.533,13.3,71.4,0.227,0,E
Atlanta Hawks,26.5,90.1,0.281,0.214,0.545,0.506,11.4,28.2,0.213,0.496,13.2,72.7,0.208,2,E
Boston Celtics,29.4,91.6,0.332,0.228,0.564,0.522,14.5,22.8,0.248,0.487,14.9,73.8,0.251,4,E
Charlotte Bobcats,27.4,90.4,0.346,0.211,0.538,0.49,15.1,26.5,0.26,0.491,14.7,74.2,0.194,1,E
Chicago Bulls,26.2,93.1,0.287,0.156,0.52,0.477,13.3,26.6,0.217,0.484,12.3,74.8,0.212,1,E
Cleveland Cavaliers,28,91.4,0.341,0.248,0.57,0.532,13.4,25.1,0.246,0.482,12.3,77.2,0.218,2,E
Dallas Mavericks,30.7,92.5,0.277,0.222,0.552,0.506,12.3,24.3,0.226,0.495,13.6,73.7,0.206,1,W
Denver Nuggets,27.7,94.8,0.376,0.227,0.561,0.509,12.7,26.1,0.29,0.495,13.8,72.4,0.251,1,W
Detroit Pistons,26.7,88.5,0.303,0.18,0.515,0.474,12.8,30.3,0.22,0.526,14.2,73.4,0.264,0,E
Golden State Warriors,25.1,100.4,0.294,0.238,0.557,0.514,13.1,20.9,0.23,0.525,15.1,68.5,0.26,0,W
Houston Rockets,26,94,0.292,0.265,0.537,0.494,13.2,26.9,0.225,0.511,13.6,73.8,0.215,0,W
Indiana Pacers,26.6,97.1,0.296,0.278,0.536,0.491,13.8,21.6,0.229,0.49,13.4,73,0.258,0,E
Los Angeles Clippers,27.3,92.6,0.283,0.221,0.529,0.491,14.8,27.1,0.206,0.509,12.2,74,0.214,0,W
Los Angeles Lakers,28.4,92.8,0.289,0.227,0.538,0.496,12.4,27.6,0.221,0.484,13.2,74.4,0.195,5,W
Memphis Grizzlies,24.1,93.6,0.32,0.148,0.536,0.494,13.7,31.3,0.235,0.52,13.2,73.3,0.205,0,W
Miami Heat,27.1,89.6,0.296,0.219,0.537,0.496,12.8,26.1,0.223,0.48,13.9,74.9,0.246,1,E
Milwaukee Bucks,26.4,91.7,0.239,0.259,0.518,0.482,12.3,26.2,0.181,0.486,14.6,76.4,0.266,1,E
Minnesota Timberwolves,24.1,96.1,0.278,0.171,0.518,0.478,14.6,26.7,0.207,0.525,13,73.6,0.22,0,W
New Jersey Nets,24.8,91.4,0.307,0.181,0.509,0.458,13.7,25.1,0.24,0.517,13.3,71.8,0.229,0,E
New Orleans Hornets,27.5,92.6,0.243,0.23,0.543,0.506,12.7,24.8,0.189,0.523,13.5,73.8,0.205,0,W
New York Knicks,25.4,94,0.256,0.312,0.547,0.509,13,23.5,0.2,0.526,13.3,72.1,0.207,0,E
Oklahoma City Thunder,23.2,93.1,0.333,0.185,0.547,0.494,13.9,28.6,0.268,0.483,14,73.6,0.229,1,W
Orlando Magic,27.9,92,0.34,0.35,0.573,0.536,13.6,24.6,0.246,0.477,12.2,77.4,0.205,3,E
Philadelphia 76ers,25.4,91.6,0.27,0.206,0.534,0.496,13.7,27.6,0.204,0.518,13.8,73.2,0.231,0,E
Phoenix Suns,28.5,95.3,0.312,0.261,0.585,0.546,13.6,27.6,0.24,0.491,11.6,70.8,0.224,3,W
Portland Trail Blazers,26.6,87.7,0.315,0.215,0.547,0.499,12.1,28.2,0.249,0.502,13.3,74.8,0.219,1,W
Sacramento Kings,24.1,94,0.286,0.201,0.528,0.491,13.6,27.8,0.207,0.505,12.6,73.5,0.244,0,W
San Antonio Spurs,28.7,91.7,0.296,0.232,0.552,0.515,12.9,26.8,0.219,0.483,12.1,76.3,0.214,2,W
Toronto Raptors,25.2,93.1,0.319,0.211,0.564,0.521,12.7,24.7,0.244,0.513,11.8,72.9,0.247,0,E
Utah Jazz,25.6,93.8,0.34,0.184,0.565,0.524,14.2,26.8,0.252,0.492,14.2,75.6,0.269,2,W
Washington Wizards,27.6,91.6,0.283,0.183,0.524,0.481,13.9,27.6,0.216,0.502,12.8,72.4,0.239,0,E
Atlanta Hawks,27.4,89.3,0.269,0.222,0.542,0.501,13.5,23.4,0.209,0.495,12.3,74.6,0.211,2,E
Boston Celtics,29.5,90.4,0.305,0.18,0.561,0.519,14.5,21.1,0.235,0.469,14.8,74.7,0.235,2,E
Charlotte Bobcats,26.9,89.6,0.314,0.189,0.528,0.482,14.1,25.7,0.237,0.5,12.9,75.2,0.229,0,E
Chicago Bulls,26.4,90.4,0.305,0.215,0.541,0.501,13.5,29.4,0.227,0.463,13.6,76.2,0.222,3,E
Cleveland Cavaliers,26.6,93,0.312,0.224,0.518,0.472,13.4,24.2,0.233,0.524,12.7,73.3,0.211,0,E
Dallas Mavericks,30.9,91.3,0.286,0.274,0.565,0.525,13.6,24.1,0.222,0.488,13,74.8,0.206,5,W
Denver Nuggets,27.3,95.6,0.367,0.258,0.574,0.526,13.1,23.9,0.281,0.5,12.7,75.4,0.224,1,W
Detroit Pistons,27.2,89.2,0.279,0.189,0.533,0.495,12.5,27.4,0.206,0.526,13.8,72.1,0.235,0,E
Golden State Warriors,25.2,94.8,0.241,0.248,0.544,0.51,13.3,26.7,0.183,0.509,14.5,69.3,0.259,0,W
Houston Rockets,26.5,94.2,0.299,0.264,0.55,0.503,12.3,27.4,0.239,0.5,12.6,72.7,0.219,0,W
Indiana Pacers,25.9,94.7,0.3,0.244,0.533,0.486,14.1,25.9,0.235,0.487,12.8,74.1,0.237,1,E
Los Angeles Clippers,24.6,92.8,0.332,0.23,0.535,0.496,15.1,28.4,0.234,0.499,12.8,73.2,0.25,0,W
Los Angeles Lakers,30.2,90.7,0.293,0.22,0.545,0.502,12.3,29.2,0.228,0.477,12.8,72.3,0.181,2,W
Memphis Grizzlies,25.2,91.9,0.291,0.136,0.534,0.493,13,28.9,0.218,0.502,15.7,72.5,0.228,2,W
Miami Heat,29,90.9,0.363,0.235,0.573,0.524,13.5,25.2,0.279,0.475,12.6,75.5,0.223,4,E
Milwaukee Bucks,26.7,89.8,0.287,0.216,0.511,0.467,13,24.7,0.217,0.481,14.7,74.8,0.236,0,E
Minnesota Timberwolves,23.8,96.5,0.282,0.223,0.526,0.483,15.1,29.6,0.217,0.514,13.1,73.7,0.251,0,W
New Jersey Nets,24.8,89.9,0.283,0.201,0.517,0.474,13.4,26.1,0.215,0.503,11.8,74.2,0.241,0,E
New Orleans Hornets,26.3,88.7,0.296,0.192,0.537,0.493,12.8,25.1,0.226,0.501,14.4,76.2,0.22,1,W
New York Knicks,25.3,95.6,0.304,0.303,0.561,0.513,12.6,24.2,0.246,0.511,13.8,71.9,0.24,1,E
Oklahoma City Thunder,23.7,92.7,0.363,0.212,0.561,0.501,13.1,27.4,0.299,0.493,12.9,73.6,0.228,3,W
Orlando Magic,27.6,91.2,0.328,0.328,0.554,0.521,14.3,26.1,0.227,0.475,13.3,76.9,0.219,1,E
Philadelphia 76ers,24.7,91.7,0.273,0.184,0.535,0.494,12.3,24.6,0.21,0.487,13.5,74.5,0.231,1,E
Phoenix Suns,29.6,94.4,0.283,0.271,0.559,0.522,13.2,23.7,0.215,0.513,13.1,71.6,0.211,0,W
Portland Trail Blazers,26.7,87.9,0.278,0.228,0.533,0.486,12.6,29.5,0.224,0.51,15.4,72,0.231,1,W
Sacramento Kings,24.8,95.2,0.284,0.183,0.519,0.48,14.4,29.9,0.208,0.513,13.5,74.4,0.233,0,W
San Antonio Spurs,28.8,92.3,0.299,0.261,0.567,0.527,12.8,24.9,0.229,0.491,12.6,74.6,0.19,1,W
Toronto Raptors,24.5,92.9,0.293,0.162,0.533,0.491,13.7,28.2,0.221,0.522,13,72,0.251,0,E
Utah Jazz,26.8,91,0.313,0.191,0.544,0.498,13.5,27,0.241,0.505,13.8,71.7,0.275,0,W
Washington Wizards,24.9,93.8,0.29,0.172,0.513,0.471,13.9,28,0.216,0.512,14.4,70.5,0.249,0,E
Atlanta Hawks,27.9,90.2,0.259,0.249,0.535,0.5,13.4,23.9,0.192,0.48,14.4,74.4,0.186,1,E
Boston Celtics,29.3,90.4,0.257,0.194,0.535,0.496,14.7,19.7,0.2,0.452,14.9,72.4,0.216,3,E
Charlotte Bobcats,24.5,91.1,0.276,0.169,0.483,0.439,13.9,23.6,0.206,0.512,12.8,70.9,0.206,0,E
Chicago Bulls,27.1,89.1,0.255,0.205,0.523,0.49,13.2,32.6,0.184,0.45,12.8,74.3,0.175,1,E
Cleveland Cavaliers,26,91.3,0.307,0.238,0.505,0.463,14.3,28.9,0.22,0.508,13.1,72.2,0.202,0,E
Dallas Mavericks,31.3,91.4,0.246,0.271,0.527,0.489,13.4,23.4,0.19,0.479,13.9,74.8,0.203,1,W
Denver Nuggets,26.6,94.2,0.326,0.243,0.556,0.516,14.1,27.7,0.239,0.508,14.3,74.3,0.185,1,W
Detroit Pistons,26.3,89.2,0.279,0.175,0.51,0.468,15,28.1,0.21,0.5,14.2,72.8,0.226,0,E
Golden State Warriors,25.3,92.3,0.227,0.248,0.539,0.505,13.3,22.9,0.175,0.496,13.6,69.1,0.237,0,W
Houston Rockets,26.2,91.7,0.235,0.24,0.529,0.492,13.5,27.5,0.184,0.49,13.8,73.4,0.21,0,W
Indiana Pacers,26.3,90.7,0.321,0.198,0.526,0.474,13.1,29.2,0.251,0.476,14.1,72.3,0.222,2,E
Los Angeles Clippers,27.3,89.2,0.287,0.269,0.533,0.502,12.7,29.5,0.195,0.492,14.2,73.2,0.245,2,W
Los Angeles Lakers,29.7,90.5,0.299,0.209,0.534,0.491,14.2,29.1,0.226,0.476,10.7,74.8,0.158,2,W
Memphis Grizzlies,25.6,90.8,0.277,0.157,0.515,0.473,13.6,29.8,0.211,0.485,16.3,72.7,0.227,1,W
Miami Heat,28.3,91.2,0.307,0.198,0.549,0.505,14.5,26.6,0.238,0.479,15.8,73.9,0.2,5,E
Milwaukee Bucks,26.2,93.7,0.25,0.224,0.521,0.481,12.9,27.7,0.194,0.489,14.6,70.9,0.217,0,E
Minnesota Timberwolves,24.4,93.3,0.306,0.262,0.524,0.477,14,27.5,0.236,0.491,12.2,73,0.187,0,W
New Jersey Nets,26.1,90.1,0.269,0.278,0.516,0.473,14.3,27.8,0.209,0.513,13.7,70.7,0.209,0,E
New Orleans Hornets,25.5,88.3,0.274,0.152,0.517,0.476,15.2,27.5,0.207,0.485,13.5,73.1,0.218,0,W
New York Knicks,26.3,93.2,0.306,0.288,0.533,0.492,14.9,26.6,0.227,0.485,15.9,73.7,0.224,1,E
Oklahoma City Thunder,25.1,93,0.334,0.252,0.567,0.516,15.3,27.8,0.269,0.465,13,72.1,0.207,4,W
Orlando Magic,27.5,89,0.292,0.346,0.533,0.506,14.5,26.5,0.193,0.488,12.9,75.5,0.19,1,E
Philadelphia 76ers,24.9,89.7,0.217,0.175,0.511,0.48,10.9,24.4,0.161,0.46,13.5,75.2,0.192,2,E
Phoenix Suns,28.9,92.6,0.257,0.238,0.536,0.499,13.3,25.8,0.194,0.491,13.1,71.7,0.2,0,W
Portland Trail Blazers,27.5,91.2,0.263,0.255,0.531,0.488,13.4,26.3,0.209,0.504,14.1,72.8,0.199,0,W
Sacramento Kings,24.3,94.7,0.268,0.228,0.51,0.472,13,29.1,0.197,0.515,13.9,70.5,0.199,0,W
San Antonio Spurs,27.5,92.9,0.261,0.257,0.562,0.528,12.8,25.1,0.195,0.489,12.9,76,0.168,3,W
Toronto Raptors,25.7,89.3,0.274,0.209,0.518,0.475,14.8,25.9,0.211,0.475,12.8,75.4,0.26,0,E
Utah Jazz,25.6,91.4,0.302,0.153,0.525,0.481,13,30.2,0.227,0.493,13.8,73.8,0.245,1,W
Washington Wizards,24.2,92.5,0.253,0.196,0.508,0.472,14.2,27.3,0.184,0.492,14.2,70.9,0.229,0,E
Atlanta Hawks,27.1,92.6,0.244,0.286,0.546,0.517,14.2,22.2,0.174,0.496,14.2,73.6,0.181,1,E
Boston Celtics,29.1,91.7,0.263,0.215,0.542,0.503,14.1,20.1,0.204,0.482,14.2,73.3,0.216,1,E
Brooklyn Nets,28.6,88.8,0.299,0.269,0.536,0.498,14,30.9,0.219,0.503,13.1,73.7,0.174,1,E
Charlotte Bobcats,24.4,91.5,0.31,0.21,0.507,0.46,13.2,25.7,0.233,0.524,13.2,71.1,0.197,0,E
Chicago Bulls,28,89.3,0.259,0.189,0.512,0.47,13.6,29.4,0.201,0.477,13.2,73.6,0.206,2,E
Cleveland Cavaliers,24.1,92.3,0.265,0.229,0.514,0.473,13,28.1,0.2,0.523,14.4,72.6,0.225,0,E
Dallas Mavericks,29.5,94.1,0.242,0.236,0.544,0.506,13,21.8,0.192,0.492,13.3,73.1,0.227,0,W
Denver Nuggets,26.1,95.1,0.308,0.217,0.549,0.515,13.6,31.4,0.216,0.493,14.3,71.8,0.193,1,W
Detroit Pistons,25.3,90.8,0.282,0.217,0.521,0.487,14.3,28.3,0.197,0.505,13.1,73,0.209,0,E
Golden State Warriors,25.3,94.5,0.255,0.239,0.545,0.506,14,25.4,0.201,0.486,12.4,75.5,0.211,2,W
Houston Rockets,24.4,96.1,0.308,0.349,0.564,0.525,14.9,26.4,0.232,0.502,13.5,75.2,0.196,1,W
Indiana Pacers,25.7,90.2,0.293,0.245,0.521,0.479,14.3,30.3,0.219,0.453,12.9,74.6,0.197,3,E
Los Angeles Clippers,28.8,91.1,0.286,0.265,0.557,0.526,13.9,28.8,0.203,0.492,15.4,73.5,0.229,1,W
Los Angeles Lakers,30.7,94.4,0.345,0.303,0.548,0.512,13.9,27,0.239,0.496,11.9,74.3,0.163,1,W
Memphis Grizzlies,27,88.4,0.261,0.166,0.514,0.472,13.3,31,0.202,0.475,15.2,74.3,0.209,3,W
Miami Heat,30.3,90.7,0.297,0.285,0.588,0.552,13.7,22.2,0.224,0.487,14.8,73,0.2,5,E
Milwaukee Bucks,26.4,94.7,0.236,0.232,0.51,0.476,12.7,27.9,0.174,0.492,14.4,71.3,0.201,1,E
Minnesota Timberwolves,26.4,92.8,0.305,0.22,0.516,0.473,13.8,27.4,0.226,0.511,15,74,0.187,0,W
New Orleans Hornets,24,88.5,0.248,0.224,0.528,0.489,14,29.2,0.193,0.52,13.1,74.4,0.208,0,W
New York Knicks,30.2,89.8,0.258,0.354,0.55,0.515,11.7,25.6,0.196,0.508,14.8,74.7,0.216,2,E
Oklahoma City Thunder,26,93.3,0.338,0.244,0.58,0.527,14.4,26.7,0.28,0.469,13.5,73.4,0.197,2,W
Orlando Magic,24.6,92.2,0.197,0.223,0.514,0.485,13.7,25.4,0.149,0.508,11.8,74.6,0.195,0,E
Philadelphia 76ers,25.2,91,0.2,0.209,0.509,0.481,12.5,24.9,0.146,0.495,13.7,73.4,0.2,0,E
Phoenix Suns,26.9,93.4,0.234,0.21,0.512,0.477,14.3,27,0.174,0.512,14.2,71.9,0.208,0,W
Portland Trail Blazers,24.4,91.4,0.25,0.284,0.536,0.498,13.9,25.3,0.194,0.512,12.5,73.3,0.189,0,W
Sacramento Kings,25.6,93.6,0.271,0.243,0.532,0.491,13.4,26.6,0.208,0.517,13.6,71,0.227,0,W
San Antonio Spurs,28.6,94.2,0.258,0.264,0.568,0.531,14,20.5,0.204,0.48,13.7,74.9,0.179,4,W
Toronto Raptors,25.4,90.4,0.274,0.249,0.532,0.488,13,25.5,0.216,0.5,13.6,73.4,0.247,0,E
Utah Jazz,26.3,90.9,0.281,0.206,0.533,0.492,13.8,28.8,0.214,0.501,14,73.2,0.226,0,W
Washington Wizards,25.4,92.2,0.261,0.223,0.512,0.475,14.2,24.6,0.191,0.483,13.7,74.6,0.206,0,E
Atlanta Hawks,27.5,94.6,0.266,0.316,0.554,0.515,14.3,21,0.208,0.51,14,74.4,0.196,1,E
Boston Celtics,25.4,93.3,0.248,0.251,0.517,0.477,14.2,27.4,0.193,0.505,13.4,74.2,0.227,0,E
Brooklyn Nets,30,91.4,0.313,0.301,0.555,0.514,14.1,21.7,0.236,0.509,14.9,72.3,0.236,2,E
Charlotte Bobcats,25.5,92.4,0.297,0.219,0.522,0.481,11.7,21.9,0.219,0.491,12.6,77.6,0.183,1,E
Chicago Bulls,28.6,90.2,0.29,0.222,0.518,0.471,14.2,27.2,0.226,0.471,13.7,75.4,0.189,1,E
Cleveland Cavaliers,24.9,93.1,0.268,0.236,0.518,0.479,13,27.2,0.201,0.508,13,75.8,0.199,0,E
Dallas Mavericks,30.6,93.5,0.253,0.274,0.564,0.526,12.7,24.6,0.201,0.515,14.8,72.7,0.229,1,W
Denver Nuggets,26,98.1,0.306,0.278,0.536,0.497,14,27.5,0.222,0.5,12.8,74.5,0.233,0,W
Detroit Pistons,24.7,94.9,0.296,0.222,0.514,0.482,12.9,31.4,0.199,0.52,13.8,73.4,0.218,0,E
Golden State Warriors,26.3,96.2,0.247,0.291,0.55,0.517,13.8,25.1,0.186,0.477,13.6,76.3,0.224,1,W
Houston Rockets,25.4,96.3,0.386,0.33,0.571,0.531,14.6,27.4,0.275,0.489,12.5,74.1,0.193,1,W
Indiana Pacers,27.2,92.5,0.29,0.235,0.535,0.49,14.3,24.9,0.226,0.46,12.9,76.8,0.197,3,E
Los Angeles Clippers,28.1,95.9,0.353,0.291,0.567,0.526,12.7,25,0.258,0.484,13.8,72.5,0.222,2,W
Los Angeles Lakers,26.8,98.7,0.263,0.291,0.542,0.505,13.7,20.2,0.199,0.513,12.4,71,0.192,0,W
Memphis Grizzlies,28.5,89.9,0.248,0.171,0.529,0.494,13.1,28.3,0.184,0.497,13.8,75.7,0.199,1,W
Miami Heat,30.6,91.2,0.3,0.292,0.59,0.554,14.6,20.6,0.228,0.511,15.8,73,0.212,4,E
Milwaukee Bucks,24.7,91.8,0.274,0.231,0.519,0.479,14.1,27.1,0.204,0.52,13.2,71.4,0.225,0,E
Minnesota Timberwolves,26.3,97.3,0.321,0.245,0.535,0.486,12.2,27.4,0.249,0.518,14.8,74.4,0.177,0,W
New Orleans Pelicans,24.3,92.2,0.286,0.193,0.537,0.495,12.9,26.9,0.22,0.515,13.6,73.8,0.249,0,W
New York Knicks,28.3,90.3,0.248,0.302,0.541,0.505,12.5,25.1,0.189,0.514,14,74.3,0.245,0,E
Oklahoma City Thunder,26.2,95.4,0.303,0.271,0.566,0.52,14,26.5,0.244,0.488,13.9,75.6,0.221,3,W
Orlando Magic,24.6,93.6,0.253,0.235,0.525,0.487,13.9,22.4,0.193,0.504,13,75.5,0.211,0,E
Philadelphia 76ers,23.4,99.2,0.268,0.258,0.51,0.475,14.8,24.8,0.19,0.524,14.9,72.4,0.244,0,E
Phoenix Suns,26.2,95.8,0.293,0.3,0.558,0.519,14,26.4,0.222,0.496,13.9,73.7,0.237,0,W
Portland Trail Blazers,25.8,94.9,0.27,0.29,0.548,0.504,12.4,28,0.22,0.488,11,74.7,0.194,2,W
Sacramento Kings,24.9,94.4,0.331,0.218,0.532,0.484,13.9,27.8,0.251,0.512,12.7,76.6,0.234,0,W
San Antonio Spurs,28.9,95,0.24,0.257,0.571,0.537,13.5,22.7,0.188,0.482,12.8,76.4,0.184,5,W
Toronto Raptors,25.6,91.8,0.306,0.285,0.545,0.498,13.2,27.2,0.239,0.493,14.1,74.9,0.237,1,E
Utah Jazz,24.5,91.4,0.271,0.237,0.523,0.484,13.9,25.5,0.202,0.518,12.1,74.5,0.227,0,W
Washington Wizards,26.3,93.2,0.248,0.246,0.538,0.506,13.6,25.2,0.181,0.504,15,75.7,0.22,2,E
